File,Line,Column,Type,Message,Source,Severity,Fixable
"/Users/sylvainraye/Sites/git/swisspost/src/NotificationService.php",22,5,error,"PHP keywords must be lowercase; expected \"const\" but found \"CONST\"",Generic.PHP.LowerCaseKeyword.Found,5,1
"/Users/sylvainraye/Sites/git/swisspost/src/NotificationService.php",23,5,error,"PHP keywords must be lowercase; expected \"const\" but found \"CONST\"",Generic.PHP.LowerCaseKeyword.Found,5,1
"/Users/sylvainraye/Sites/git/swisspost/src/NotificationService.php",24,1,error,"Expected 1 newline at end of file; 0 found",PSR2.Files.EndFileNewline.NoneFound,5,1
"/Users/sylvainraye/Sites/git/swisspost/src/StructType/ValidateCombinationItem.php",19,8,warning,"Line exceeds 120 characters; contains 121 characters",Generic.Files.LineLength.TooLong,5,0
"/Users/sylvainraye/Sites/git/swisspost/src/StructType/ValidateCombinationItem.php",50,124,warning,"Line exceeds 120 characters; contains 124 characters",Generic.Files.LineLength.TooLong,5,0
"/Users/sylvainraye/Sites/git/swisspost/src/StructType/ValidateCombinationItem.php",74,244,warning,"Line exceeds 120 characters; contains 244 characters",Generic.Files.LineLength.TooLong,5,0
"/Users/sylvainraye/Sites/git/swisspost/src/StructType/ValidateCombinationItem.php",78,186,warning,"Line exceeds 120 characters; contains 186 characters",Generic.Files.LineLength.TooLong,5,0
"/Users/sylvainraye/Sites/git/swisspost/src/StructType/ValidateCombinationItem.php",82,139,warning,"Line exceeds 120 characters; contains 139 characters",Generic.Files.LineLength.TooLong,5,0
"/Users/sylvainraye/Sites/git/swisspost/src/StructType/ValidateCombinationItem.php",122,182,warning,"Line exceeds 120 characters; contains 182 characters",Generic.Files.LineLength.TooLong,5,0
"/Users/sylvainraye/Sites/git/swisspost/src/StructType/ValidateCombinationItem.php",126,140,warning,"Line exceeds 120 characters; contains 140 characters",Generic.Files.LineLength.TooLong,5,0
"/Users/sylvainraye/Sites/git/swisspost/src/StructType/ReadAllowedServicesServiceGroups.php",34,126,warning,"Line exceeds 120 characters; contains 126 characters",Generic.Files.LineLength.TooLong,5,0
"/Users/sylvainraye/Sites/git/swisspost/src/StructType/ReadAllowedServicesServiceGroups.php",76,122,warning,"Line exceeds 120 characters; contains 122 characters",Generic.Files.LineLength.TooLong,5,0
"/Users/sylvainraye/Sites/git/swisspost/src/StructType/ReadAllowedServicesServiceGroups.php",77,366,warning,"Line exceeds 120 characters; contains 366 characters",Generic.Files.LineLength.TooLong,5,0
"/Users/sylvainraye/Sites/git/swisspost/src/StructType/ReadAllowedServicesServiceGroups.php",93,230,warning,"Line exceeds 120 characters; contains 230 characters",Generic.Files.LineLength.TooLong,5,0
"/Users/sylvainraye/Sites/git/swisspost/src/StructType/ReadLabelLayoutsResponse.php",62,345,warning,"Line exceeds 120 characters; contains 345 characters",Generic.Files.LineLength.TooLong,5,0
"/Users/sylvainraye/Sites/git/swisspost/src/StructType/ReadLabelLayoutsResponse.php",78,236,warning,"Line exceeds 120 characters; contains 236 characters",Generic.Files.LineLength.TooLong,5,0
"/Users/sylvainraye/Sites/git/swisspost/src/StructType/ServiceCodeAttributes.php",121,356,warning,"Line exceeds 120 characters; contains 356 characters",Generic.Files.LineLength.TooLong,5,0
"/Users/sylvainraye/Sites/git/swisspost/src/StructType/ServiceCodeAttributes.php",153,186,warning,"Line exceeds 120 characters; contains 186 characters",Generic.Files.LineLength.TooLong,5,0
"/Users/sylvainraye/Sites/git/swisspost/src/StructType/ServiceCodeAttributes.php",158,266,warning,"Line exceeds 120 characters; contains 266 characters",Generic.Files.LineLength.TooLong,5,0
"/Users/sylvainraye/Sites/git/swisspost/src/StructType/ServiceCodeAttributes.php",174,186,warning,"Line exceeds 120 characters; contains 186 characters",Generic.Files.LineLength.TooLong,5,0
"/Users/sylvainraye/Sites/git/swisspost/src/StructType/ServiceCodeAttributes.php",178,187,warning,"Line exceeds 120 characters; contains 187 characters",Generic.Files.LineLength.TooLong,5,0
"/Users/sylvainraye/Sites/git/swisspost/src/StructType/ServiceCodeAttributes.php",200,248,warning,"Line exceeds 120 characters; contains 248 characters",Generic.Files.LineLength.TooLong,5,0
"/Users/sylvainraye/Sites/git/swisspost/src/StructType/ServiceCodeAttributes.php",204,201,warning,"Line exceeds 120 characters; contains 201 characters",Generic.Files.LineLength.TooLong,5,0
"/Users/sylvainraye/Sites/git/swisspost/src/StructType/ServiceCodeAttributes.php",208,141,warning,"Line exceeds 120 characters; contains 141 characters",Generic.Files.LineLength.TooLong,5,0
"/Users/sylvainraye/Sites/git/swisspost/src/StructType/ServiceCodeAttributes.php",230,145,warning,"Line exceeds 120 characters; contains 145 characters",Generic.Files.LineLength.TooLong,5,0
"/Users/sylvainraye/Sites/git/swisspost/src/StructType/ServiceCodeAttributes.php",252,150,warning,"Line exceeds 120 characters; contains 150 characters",Generic.Files.LineLength.TooLong,5,0
"/Users/sylvainraye/Sites/git/swisspost/src/StructType/ServiceCodeAttributes.php",256,149,warning,"Line exceeds 120 characters; contains 149 characters",Generic.Files.LineLength.TooLong,5,0
"/Users/sylvainraye/Sites/git/swisspost/src/StructType/ServiceCodeAttributes.php",260,148,warning,"Line exceeds 120 characters; contains 148 characters",Generic.Files.LineLength.TooLong,5,0
"/Users/sylvainraye/Sites/git/swisspost/src/StructType/ServiceCodeAttributes.php",282,153,warning,"Line exceeds 120 characters; contains 153 characters",Generic.Files.LineLength.TooLong,5,0
"/Users/sylvainraye/Sites/git/swisspost/src/StructType/ServiceCodeAttributes.php",286,152,warning,"Line exceeds 120 characters; contains 152 characters",Generic.Files.LineLength.TooLong,5,0
"/Users/sylvainraye/Sites/git/swisspost/src/StructType/ServiceCodeAttributes.php",290,151,warning,"Line exceeds 120 characters; contains 151 characters",Generic.Files.LineLength.TooLong,5,0
"/Users/sylvainraye/Sites/git/swisspost/src/StructType/ServiceCodeAttributes.php",311,133,warning,"Line exceeds 120 characters; contains 133 characters",Generic.Files.LineLength.TooLong,5,0
"/Users/sylvainraye/Sites/git/swisspost/src/StructType/ServiceCodeAttributes.php",312,263,warning,"Line exceeds 120 characters; contains 263 characters",Generic.Files.LineLength.TooLong,5,0
"/Users/sylvainraye/Sites/git/swisspost/src/StructType/ServiceCodeAttributes.php",316,206,warning,"Line exceeds 120 characters; contains 206 characters",Generic.Files.LineLength.TooLong,5,0
"/Users/sylvainraye/Sites/git/swisspost/src/StructType/ServiceCodeAttributes.php",320,146,warning,"Line exceeds 120 characters; contains 146 characters",Generic.Files.LineLength.TooLong,5,0
"/Users/sylvainraye/Sites/git/swisspost/src/StructType/ServiceCodeAttributes.php",342,139,warning,"Line exceeds 120 characters; contains 139 characters",Generic.Files.LineLength.TooLong,5,0
"/Users/sylvainraye/Sites/git/swisspost/src/StructType/AdditionalData.php",63,236,warning,"Line exceeds 120 characters; contains 236 characters",Generic.Files.LineLength.TooLong,5,0
"/Users/sylvainraye/Sites/git/swisspost/src/StructType/AdditionalData.php",67,197,warning,"Line exceeds 120 characters; contains 197 characters",Generic.Files.LineLength.TooLong,5,0
"/Users/sylvainraye/Sites/git/swisspost/src/StructType/AdditionalData.php",71,137,warning,"Line exceeds 120 characters; contains 137 characters",Generic.Files.LineLength.TooLong,5,0
"/Users/sylvainraye/Sites/git/swisspost/src/StructType/AdditionalData.php",93,239,warning,"Line exceeds 120 characters; contains 239 characters",Generic.Files.LineLength.TooLong,5,0
"/Users/sylvainraye/Sites/git/swisspost/src/StructType/AdditionalData.php",97,198,warning,"Line exceeds 120 characters; contains 198 characters",Generic.Files.LineLength.TooLong,5,0
"/Users/sylvainraye/Sites/git/swisspost/src/StructType/AdditionalData.php",101,138,warning,"Line exceeds 120 characters; contains 138 characters",Generic.Files.LineLength.TooLong,5,0
"/Users/sylvainraye/Sites/git/swisspost/src/StructType/SingleBarcodesResponseItem.php",19,8,warning,"Line exceeds 120 characters; contains 184 characters",Generic.Files.LineLength.TooLong,5,0
"/Users/sylvainraye/Sites/git/swisspost/src/StructType/SingleBarcodesResponseItem.php",61,178,warning,"Line exceeds 120 characters; contains 178 characters",Generic.Files.LineLength.TooLong,5,0
"/Users/sylvainraye/Sites/git/swisspost/src/StructType/SingleBarcodesResponseItem.php",65,142,warning,"Line exceeds 120 characters; contains 142 characters",Generic.Files.LineLength.TooLong,5,0
"/Users/sylvainraye/Sites/git/swisspost/src/StructType/ReadLabelLayouts.php",62,196,warning,"Line exceeds 120 characters; contains 196 characters",Generic.Files.LineLength.TooLong,5,0
"/Users/sylvainraye/Sites/git/swisspost/src/StructType/ReadLabelLayouts.php",85,186,warning,"Line exceeds 120 characters; contains 186 characters",Generic.Files.LineLength.TooLong,5,0
"/Users/sylvainraye/Sites/git/swisspost/src/StructType/ReadLabelLayouts.php",90,251,warning,"Line exceeds 120 characters; contains 251 characters",Generic.Files.LineLength.TooLong,5,0
"/Users/sylvainraye/Sites/git/swisspost/src/StructType/ReadLabelLayouts.php",106,186,warning,"Line exceeds 120 characters; contains 186 characters",Generic.Files.LineLength.TooLong,5,0
"/Users/sylvainraye/Sites/git/swisspost/src/StructType/ReadLabelLayouts.php",110,187,warning,"Line exceeds 120 characters; contains 187 characters",Generic.Files.LineLength.TooLong,5,0
"/Users/sylvainraye/Sites/git/swisspost/src/StructType/Recipient.php",260,436,warning,"Line exceeds 120 characters; contains 436 characters",Generic.Files.LineLength.TooLong,5,0
"/Users/sylvainraye/Sites/git/swisspost/src/StructType/Recipient.php",302,233,warning,"Line exceeds 120 characters; contains 233 characters",Generic.Files.LineLength.TooLong,5,0
"/Users/sylvainraye/Sites/git/swisspost/src/StructType/Recipient.php",306,178,warning,"Line exceeds 120 characters; contains 178 characters",Generic.Files.LineLength.TooLong,5,0
"/Users/sylvainraye/Sites/git/swisspost/src/StructType/Recipient.php",310,196,warning,"Line exceeds 120 characters; contains 196 characters",Generic.Files.LineLength.TooLong,5,0
"/Users/sylvainraye/Sites/git/swisspost/src/StructType/Recipient.php",314,136,warning,"Line exceeds 120 characters; contains 136 characters",Generic.Files.LineLength.TooLong,5,0
"/Users/sylvainraye/Sites/git/swisspost/src/StructType/Recipient.php",336,251,warning,"Line exceeds 120 characters; contains 251 characters",Generic.Files.LineLength.TooLong,5,0
"/Users/sylvainraye/Sites/git/swisspost/src/StructType/Recipient.php",340,202,warning,"Line exceeds 120 characters; contains 202 characters",Generic.Files.LineLength.TooLong,5,0
"/Users/sylvainraye/Sites/git/swisspost/src/StructType/Recipient.php",344,142,warning,"Line exceeds 120 characters; contains 142 characters",Generic.Files.LineLength.TooLong,5,0
"/Users/sylvainraye/Sites/git/swisspost/src/StructType/Recipient.php",366,239,warning,"Line exceeds 120 characters; contains 239 characters",Generic.Files.LineLength.TooLong,5,0
"/Users/sylvainraye/Sites/git/swisspost/src/StructType/Recipient.php",370,198,warning,"Line exceeds 120 characters; contains 198 characters",Generic.Files.LineLength.TooLong,5,0
"/Users/sylvainraye/Sites/git/swisspost/src/StructType/Recipient.php",374,138,warning,"Line exceeds 120 characters; contains 138 characters",Generic.Files.LineLength.TooLong,5,0
"/Users/sylvainraye/Sites/git/swisspost/src/StructType/Recipient.php",396,150,warning,"Line exceeds 120 characters; contains 150 characters",Generic.Files.LineLength.TooLong,5,0
"/Users/sylvainraye/Sites/git/swisspost/src/StructType/Recipient.php",418,239,warning,"Line exceeds 120 characters; contains 239 characters",Generic.Files.LineLength.TooLong,5,0
"/Users/sylvainraye/Sites/git/swisspost/src/StructType/Recipient.php",422,198,warning,"Line exceeds 120 characters; contains 198 characters",Generic.Files.LineLength.TooLong,5,0
"/Users/sylvainraye/Sites/git/swisspost/src/StructType/Recipient.php",426,138,warning,"Line exceeds 120 characters; contains 138 characters",Generic.Files.LineLength.TooLong,5,0
"/Users/sylvainraye/Sites/git/swisspost/src/StructType/Recipient.php",448,251,warning,"Line exceeds 120 characters; contains 251 characters",Generic.Files.LineLength.TooLong,5,0
"/Users/sylvainraye/Sites/git/swisspost/src/StructType/Recipient.php",452,202,warning,"Line exceeds 120 characters; contains 202 characters",Generic.Files.LineLength.TooLong,5,0
"/Users/sylvainraye/Sites/git/swisspost/src/StructType/Recipient.php",456,142,warning,"Line exceeds 120 characters; contains 142 characters",Generic.Files.LineLength.TooLong,5,0
"/Users/sylvainraye/Sites/git/swisspost/src/StructType/Recipient.php",478,239,warning,"Line exceeds 120 characters; contains 239 characters",Generic.Files.LineLength.TooLong,5,0
"/Users/sylvainraye/Sites/git/swisspost/src/StructType/Recipient.php",482,198,warning,"Line exceeds 120 characters; contains 198 characters",Generic.Files.LineLength.TooLong,5,0
"/Users/sylvainraye/Sites/git/swisspost/src/StructType/Recipient.php",486,138,warning,"Line exceeds 120 characters; contains 138 characters",Generic.Files.LineLength.TooLong,5,0
"/Users/sylvainraye/Sites/git/swisspost/src/StructType/Recipient.php",508,239,warning,"Line exceeds 120 characters; contains 239 characters",Generic.Files.LineLength.TooLong,5,0
"/Users/sylvainraye/Sites/git/swisspost/src/StructType/Recipient.php",512,198,warning,"Line exceeds 120 characters; contains 198 characters",Generic.Files.LineLength.TooLong,5,0
"/Users/sylvainraye/Sites/git/swisspost/src/StructType/Recipient.php",516,138,warning,"Line exceeds 120 characters; contains 138 characters",Generic.Files.LineLength.TooLong,5,0
"/Users/sylvainraye/Sites/git/swisspost/src/StructType/Recipient.php",537,133,warning,"Line exceeds 120 characters; contains 133 characters",Generic.Files.LineLength.TooLong,5,0
"/Users/sylvainraye/Sites/git/swisspost/src/StructType/Recipient.php",538,263,warning,"Line exceeds 120 characters; contains 263 characters",Generic.Files.LineLength.TooLong,5,0
"/Users/sylvainraye/Sites/git/swisspost/src/StructType/Recipient.php",542,206,warning,"Line exceeds 120 characters; contains 206 characters",Generic.Files.LineLength.TooLong,5,0
"/Users/sylvainraye/Sites/git/swisspost/src/StructType/Recipient.php",546,146,warning,"Line exceeds 120 characters; contains 146 characters",Generic.Files.LineLength.TooLong,5,0
"/Users/sylvainraye/Sites/git/swisspost/src/StructType/Recipient.php",568,242,warning,"Line exceeds 120 characters; contains 242 characters",Generic.Files.LineLength.TooLong,5,0
"/Users/sylvainraye/Sites/git/swisspost/src/StructType/Recipient.php",572,199,warning,"Line exceeds 120 characters; contains 199 characters",Generic.Files.LineLength.TooLong,5,0
"/Users/sylvainraye/Sites/git/swisspost/src/StructType/Recipient.php",576,139,warning,"Line exceeds 120 characters; contains 139 characters",Generic.Files.LineLength.TooLong,5,0
"/Users/sylvainraye/Sites/git/swisspost/src/StructType/Recipient.php",598,245,warning,"Line exceeds 120 characters; contains 245 characters",Generic.Files.LineLength.TooLong,5,0
"/Users/sylvainraye/Sites/git/swisspost/src/StructType/Recipient.php",602,200,warning,"Line exceeds 120 characters; contains 200 characters",Generic.Files.LineLength.TooLong,5,0
"/Users/sylvainraye/Sites/git/swisspost/src/StructType/Recipient.php",606,140,warning,"Line exceeds 120 characters; contains 140 characters",Generic.Files.LineLength.TooLong,5,0
"/Users/sylvainraye/Sites/git/swisspost/src/StructType/Recipient.php",628,239,warning,"Line exceeds 120 characters; contains 239 characters",Generic.Files.LineLength.TooLong,5,0
"/Users/sylvainraye/Sites/git/swisspost/src/StructType/Recipient.php",632,198,warning,"Line exceeds 120 characters; contains 198 characters",Generic.Files.LineLength.TooLong,5,0
"/Users/sylvainraye/Sites/git/swisspost/src/StructType/Recipient.php",636,138,warning,"Line exceeds 120 characters; contains 138 characters",Generic.Files.LineLength.TooLong,5,0
"/Users/sylvainraye/Sites/git/swisspost/src/StructType/Recipient.php",658,243,warning,"Line exceeds 120 characters; contains 243 characters",Generic.Files.LineLength.TooLong,5,0
"/Users/sylvainraye/Sites/git/swisspost/src/StructType/Recipient.php",662,200,warning,"Line exceeds 120 characters; contains 200 characters",Generic.Files.LineLength.TooLong,5,0
"/Users/sylvainraye/Sites/git/swisspost/src/StructType/Recipient.php",666,140,warning,"Line exceeds 120 characters; contains 140 characters",Generic.Files.LineLength.TooLong,5,0
"/Users/sylvainraye/Sites/git/swisspost/src/StructType/Recipient.php",688,191,warning,"Line exceeds 120 characters; contains 191 characters",Generic.Files.LineLength.TooLong,5,0
"/Users/sylvainraye/Sites/git/swisspost/src/StructType/Recipient.php",692,149,warning,"Line exceeds 120 characters; contains 149 characters",Generic.Files.LineLength.TooLong,5,0
"/Users/sylvainraye/Sites/git/swisspost/src/StructType/Recipient.php",714,236,warning,"Line exceeds 120 characters; contains 236 characters",Generic.Files.LineLength.TooLong,5,0
"/Users/sylvainraye/Sites/git/swisspost/src/StructType/Recipient.php",718,197,warning,"Line exceeds 120 characters; contains 197 characters",Generic.Files.LineLength.TooLong,5,0
"/Users/sylvainraye/Sites/git/swisspost/src/StructType/Recipient.php",722,137,warning,"Line exceeds 120 characters; contains 137 characters",Generic.Files.LineLength.TooLong,5,0
"/Users/sylvainraye/Sites/git/swisspost/src/StructType/Recipient.php",744,182,warning,"Line exceeds 120 characters; contains 182 characters",Generic.Files.LineLength.TooLong,5,0
"/Users/sylvainraye/Sites/git/swisspost/src/StructType/Recipient.php",748,140,warning,"Line exceeds 120 characters; contains 140 characters",Generic.Files.LineLength.TooLong,5,0
"/Users/sylvainraye/Sites/git/swisspost/src/StructType/Recipient.php",770,187,warning,"Line exceeds 120 characters; contains 187 characters",Generic.Files.LineLength.TooLong,5,0
"/Users/sylvainraye/Sites/git/swisspost/src/StructType/Recipient.php",774,147,warning,"Line exceeds 120 characters; contains 147 characters",Generic.Files.LineLength.TooLong,5,0
"/Users/sylvainraye/Sites/git/swisspost/src/StructType/Recipient.php",796,239,warning,"Line exceeds 120 characters; contains 239 characters",Generic.Files.LineLength.TooLong,5,0
"/Users/sylvainraye/Sites/git/swisspost/src/StructType/Recipient.php",800,160,warning,"Line exceeds 120 characters; contains 160 characters",Generic.Files.LineLength.TooLong,5,0
"/Users/sylvainraye/Sites/git/swisspost/src/StructType/Recipient.php",804,198,warning,"Line exceeds 120 characters; contains 198 characters",Generic.Files.LineLength.TooLong,5,0
"/Users/sylvainraye/Sites/git/swisspost/src/StructType/Recipient.php",808,138,warning,"Line exceeds 120 characters; contains 138 characters",Generic.Files.LineLength.TooLong,5,0
"/Users/sylvainraye/Sites/git/swisspost/src/StructType/Recipient.php",830,242,warning,"Line exceeds 120 characters; contains 242 characters",Generic.Files.LineLength.TooLong,5,0
"/Users/sylvainraye/Sites/git/swisspost/src/StructType/Recipient.php",834,160,warning,"Line exceeds 120 characters; contains 160 characters",Generic.Files.LineLength.TooLong,5,0
"/Users/sylvainraye/Sites/git/swisspost/src/StructType/Recipient.php",838,199,warning,"Line exceeds 120 characters; contains 199 characters",Generic.Files.LineLength.TooLong,5,0
"/Users/sylvainraye/Sites/git/swisspost/src/StructType/Recipient.php",842,139,warning,"Line exceeds 120 characters; contains 139 characters",Generic.Files.LineLength.TooLong,5,0
"/Users/sylvainraye/Sites/git/swisspost/src/StructType/Recipient.php",864,241,warning,"Line exceeds 120 characters; contains 241 characters",Generic.Files.LineLength.TooLong,5,0
"/Users/sylvainraye/Sites/git/swisspost/src/StructType/Recipient.php",868,198,warning,"Line exceeds 120 characters; contains 198 characters",Generic.Files.LineLength.TooLong,5,0
"/Users/sylvainraye/Sites/git/swisspost/src/StructType/Recipient.php",872,138,warning,"Line exceeds 120 characters; contains 138 characters",Generic.Files.LineLength.TooLong,5,0
"/Users/sylvainraye/Sites/git/swisspost/src/StructType/GenerateLabelResponseDefinition.php",47,149,warning,"Line exceeds 120 characters; contains 149 characters",Generic.Files.LineLength.TooLong,5,0
"/Users/sylvainraye/Sites/git/swisspost/src/StructType/GenerateSingleBarcodesEnvelope.php",39,237,warning,"Line exceeds 120 characters; contains 237 characters",Generic.Files.LineLength.TooLong,5,0
"/Users/sylvainraye/Sites/git/swisspost/src/StructType/GenerateSingleBarcodesEnvelope.php",59,121,warning,"Line exceeds 120 characters; contains 121 characters",Generic.Files.LineLength.TooLong,5,0
"/Users/sylvainraye/Sites/git/swisspost/src/StructType/ReadServiceGroupsResponse.php",62,345,warning,"Line exceeds 120 characters; contains 345 characters",Generic.Files.LineLength.TooLong,5,0
"/Users/sylvainraye/Sites/git/swisspost/src/StructType/ReadServiceGroupsResponse.php",78,230,warning,"Line exceeds 120 characters; contains 230 characters",Generic.Files.LineLength.TooLong,5,0
"/Users/sylvainraye/Sites/git/swisspost/src/StructType/Envelope.php",39,238,warning,"Line exceeds 120 characters; contains 238 characters",Generic.Files.LineLength.TooLong,5,0
"/Users/sylvainraye/Sites/git/swisspost/src/StructType/Envelope.php",95,129,warning,"Line exceeds 120 characters; contains 129 characters",Generic.Files.LineLength.TooLong,5,0
"/Users/sylvainraye/Sites/git/swisspost/src/StructType/Attributes.php",53,186,warning,"Line exceeds 120 characters; contains 186 characters",Generic.Files.LineLength.TooLong,5,0
"/Users/sylvainraye/Sites/git/swisspost/src/StructType/Attributes.php",58,233,warning,"Line exceeds 120 characters; contains 233 characters",Generic.Files.LineLength.TooLong,5,0
"/Users/sylvainraye/Sites/git/swisspost/src/StructType/Attributes.php",74,186,warning,"Line exceeds 120 characters; contains 186 characters",Generic.Files.LineLength.TooLong,5,0
"/Users/sylvainraye/Sites/git/swisspost/src/StructType/Attributes.php",78,187,warning,"Line exceeds 120 characters; contains 187 characters",Generic.Files.LineLength.TooLong,5,0
"/Users/sylvainraye/Sites/git/swisspost/src/StructType/Sending.php",76,270,warning,"Line exceeds 120 characters; contains 270 characters",Generic.Files.LineLength.TooLong,5,0
"/Users/sylvainraye/Sites/git/swisspost/src/StructType/Sending.php",92,233,warning,"Line exceeds 120 characters; contains 233 characters",Generic.Files.LineLength.TooLong,5,0
"/Users/sylvainraye/Sites/git/swisspost/src/StructType/Sending.php",114,182,warning,"Line exceeds 120 characters; contains 182 characters",Generic.Files.LineLength.TooLong,5,0
"/Users/sylvainraye/Sites/git/swisspost/src/StructType/Sending.php",118,140,warning,"Line exceeds 120 characters; contains 140 characters",Generic.Files.LineLength.TooLong,5,0
"/Users/sylvainraye/Sites/git/swisspost/src/StructType/Sending.php",140,251,warning,"Line exceeds 120 characters; contains 251 characters",Generic.Files.LineLength.TooLong,5,0
"/Users/sylvainraye/Sites/git/swisspost/src/StructType/Sending.php",144,189,warning,"Line exceeds 120 characters; contains 189 characters",Generic.Files.LineLength.TooLong,5,0
"/Users/sylvainraye/Sites/git/swisspost/src/StructType/Sending.php",148,142,warning,"Line exceeds 120 characters; contains 142 characters",Generic.Files.LineLength.TooLong,5,0
"/Users/sylvainraye/Sites/git/swisspost/src/StructType/ReadAllowedServicesByFrankingLicenseResponse.php",61,155,warning,"Line exceeds 120 characters; contains 155 characters",Generic.Files.LineLength.TooLong,5,0
"/Users/sylvainraye/Sites/git/swisspost/src/StructType/ReadAllowedServicesByFrankingLicenseResponse.php",62,426,warning,"Line exceeds 120 characters; contains 426 characters",Generic.Files.LineLength.TooLong,5,0
"/Users/sylvainraye/Sites/git/swisspost/src/StructType/ReadAllowedServicesByFrankingLicenseResponse.php",78,251,warning,"Line exceeds 120 characters; contains 251 characters",Generic.Files.LineLength.TooLong,5,0
"/Users/sylvainraye/Sites/git/swisspost/src/StructType/SingleBarcodesFileInfos.php",55,171,warning,"Line exceeds 120 characters; contains 171 characters",Generic.Files.LineLength.TooLong,5,0
"/Users/sylvainraye/Sites/git/swisspost/src/StructType/SingleBarcodesFileInfos.php",80,187,warning,"Line exceeds 120 characters; contains 187 characters",Generic.Files.LineLength.TooLong,5,0
"/Users/sylvainraye/Sites/git/swisspost/src/StructType/SingleBarcodesFileInfos.php",84,148,warning,"Line exceeds 120 characters; contains 148 characters",Generic.Files.LineLength.TooLong,5,0
"/Users/sylvainraye/Sites/git/swisspost/src/StructType/SingleBarcodesFileInfos.php",106,141,warning,"Line exceeds 120 characters; contains 141 characters",Generic.Files.LineLength.TooLong,5,0
"/Users/sylvainraye/Sites/git/swisspost/src/StructType/SingleBarcodesFileInfos.php",146,183,warning,"Line exceeds 120 characters; contains 183 characters",Generic.Files.LineLength.TooLong,5,0
"/Users/sylvainraye/Sites/git/swisspost/src/StructType/SingleBarcodesFileInfos.php",150,147,warning,"Line exceeds 120 characters; contains 147 characters",Generic.Files.LineLength.TooLong,5,0
"/Users/sylvainraye/Sites/git/swisspost/src/StructType/ReadBasicServices.php",58,196,warning,"Line exceeds 120 characters; contains 196 characters",Generic.Files.LineLength.TooLong,5,0
"/Users/sylvainraye/Sites/git/swisspost/src/StructType/ReadBasicServices.php",80,154,warning,"Line exceeds 120 characters; contains 154 characters",Generic.Files.LineLength.TooLong,5,0
"/Users/sylvainraye/Sites/git/swisspost/src/StructType/LabelLayoutResponse.php",49,131,warning,"Line exceeds 120 characters; contains 131 characters",Generic.Files.LineLength.TooLong,5,0
"/Users/sylvainraye/Sites/git/swisspost/src/StructType/LabelLayoutResponse.php",74,190,warning,"Line exceeds 120 characters; contains 190 characters",Generic.Files.LineLength.TooLong,5,0
"/Users/sylvainraye/Sites/git/swisspost/src/StructType/LabelLayoutResponse.php",78,144,warning,"Line exceeds 120 characters; contains 144 characters",Generic.Files.LineLength.TooLong,5,0
"/Users/sylvainraye/Sites/git/swisspost/src/StructType/LabelLayoutResponse.php",100,151,warning,"Line exceeds 120 characters; contains 151 characters",Generic.Files.LineLength.TooLong,5,0
"/Users/sylvainraye/Sites/git/swisspost/src/StructType/LabelLayoutResponse.php",122,163,warning,"Line exceeds 120 characters; contains 163 characters",Generic.Files.LineLength.TooLong,5,0
"/Users/sylvainraye/Sites/git/swisspost/src/StructType/LabelLayoutResponse.php",144,146,warning,"Line exceeds 120 characters; contains 146 characters",Generic.Files.LineLength.TooLong,5,0
"/Users/sylvainraye/Sites/git/swisspost/src/StructType/GenerateLabelFileInfos.php",55,170,warning,"Line exceeds 120 characters; contains 170 characters",Generic.Files.LineLength.TooLong,5,0
"/Users/sylvainraye/Sites/git/swisspost/src/StructType/GenerateLabelFileInfos.php",80,187,warning,"Line exceeds 120 characters; contains 187 characters",Generic.Files.LineLength.TooLong,5,0
"/Users/sylvainraye/Sites/git/swisspost/src/StructType/GenerateLabelFileInfos.php",84,148,warning,"Line exceeds 120 characters; contains 148 characters",Generic.Files.LineLength.TooLong,5,0
"/Users/sylvainraye/Sites/git/swisspost/src/StructType/GenerateLabelFileInfos.php",106,141,warning,"Line exceeds 120 characters; contains 141 characters",Generic.Files.LineLength.TooLong,5,0
"/Users/sylvainraye/Sites/git/swisspost/src/StructType/GenerateLabelFileInfos.php",146,183,warning,"Line exceeds 120 characters; contains 183 characters",Generic.Files.LineLength.TooLong,5,0
"/Users/sylvainraye/Sites/git/swisspost/src/StructType/GenerateLabelFileInfos.php",150,147,warning,"Line exceeds 120 characters; contains 147 characters",Generic.Files.LineLength.TooLong,5,0
"/Users/sylvainraye/Sites/git/swisspost/src/StructType/GenerateSingleBarcodes.php",32,127,warning,"Line exceeds 120 characters; contains 127 characters",Generic.Files.LineLength.TooLong,5,0
"/Users/sylvainraye/Sites/git/swisspost/src/StructType/GenerateSingleBarcodes.php",58,196,warning,"Line exceeds 120 characters; contains 196 characters",Generic.Files.LineLength.TooLong,5,0
"/Users/sylvainraye/Sites/git/swisspost/src/StructType/ReadAllowedServicesByFrankingLicense.php",59,187,warning,"Line exceeds 120 characters; contains 187 characters",Generic.Files.LineLength.TooLong,5,0
"/Users/sylvainraye/Sites/git/swisspost/src/StructType/ReadAllowedServicesByFrankingLicense.php",63,148,warning,"Line exceeds 120 characters; contains 148 characters",Generic.Files.LineLength.TooLong,5,0
"/Users/sylvainraye/Sites/git/swisspost/src/StructType/ReadAllowedServicesByFrankingLicense.php",88,196,warning,"Line exceeds 120 characters; contains 196 characters",Generic.Files.LineLength.TooLong,5,0
"/Users/sylvainraye/Sites/git/swisspost/src/StructType/GenerateLabelDefinition.php",50,125,warning,"Line exceeds 120 characters; contains 125 characters",Generic.Files.LineLength.TooLong,5,0
"/Users/sylvainraye/Sites/git/swisspost/src/StructType/GenerateLabelDefinition.php",78,212,warning,"Line exceeds 120 characters; contains 212 characters",Generic.Files.LineLength.TooLong,5,0
"/Users/sylvainraye/Sites/git/swisspost/src/StructType/GenerateLabelDefinition.php",100,194,warning,"Line exceeds 120 characters; contains 194 characters",Generic.Files.LineLength.TooLong,5,0
"/Users/sylvainraye/Sites/git/swisspost/src/StructType/GenerateLabelDefinition.php",104,146,warning,"Line exceeds 120 characters; contains 146 characters",Generic.Files.LineLength.TooLong,5,0
"/Users/sylvainraye/Sites/git/swisspost/src/StructType/GenerateLabelDefinition.php",126,155,warning,"Line exceeds 120 characters; contains 155 characters",Generic.Files.LineLength.TooLong,5,0
"/Users/sylvainraye/Sites/git/swisspost/src/StructType/GenerateLabelDefinition.php",148,143,warning,"Line exceeds 120 characters; contains 143 characters",Generic.Files.LineLength.TooLong,5,0
"/Users/sylvainraye/Sites/git/swisspost/src/StructType/Dimensions.php",52,184,warning,"Line exceeds 120 characters; contains 184 characters",Generic.Files.LineLength.TooLong,5,0
"/Users/sylvainraye/Sites/git/swisspost/src/StructType/Dimensions.php",56,146,warning,"Line exceeds 120 characters; contains 146 characters",Generic.Files.LineLength.TooLong,5,0
"/Users/sylvainraye/Sites/git/swisspost/src/StructType/ReadAdditionalServices.php",62,196,warning,"Line exceeds 120 characters; contains 196 characters",Generic.Files.LineLength.TooLong,5,0
"/Users/sylvainraye/Sites/git/swisspost/src/StructType/ReadAdditionalServices.php",85,186,warning,"Line exceeds 120 characters; contains 186 characters",Generic.Files.LineLength.TooLong,5,0
"/Users/sylvainraye/Sites/git/swisspost/src/StructType/ReadAdditionalServices.php",90,269,warning,"Line exceeds 120 characters; contains 269 characters",Generic.Files.LineLength.TooLong,5,0
"/Users/sylvainraye/Sites/git/swisspost/src/StructType/ReadAdditionalServices.php",106,186,warning,"Line exceeds 120 characters; contains 186 characters",Generic.Files.LineLength.TooLong,5,0
"/Users/sylvainraye/Sites/git/swisspost/src/StructType/ReadAdditionalServices.php",110,187,warning,"Line exceeds 120 characters; contains 187 characters",Generic.Files.LineLength.TooLong,5,0
"/Users/sylvainraye/Sites/git/swisspost/src/StructType/LabelDefinition.php",50,190,warning,"Line exceeds 120 characters; contains 190 characters",Generic.Files.LineLength.TooLong,5,0
"/Users/sylvainraye/Sites/git/swisspost/src/StructType/LabelDefinition.php",54,144,warning,"Line exceeds 120 characters; contains 144 characters",Generic.Files.LineLength.TooLong,5,0
"/Users/sylvainraye/Sites/git/swisspost/src/StructType/GenerateLabel.php",58,196,warning,"Line exceeds 120 characters; contains 196 characters",Generic.Files.LineLength.TooLong,5,0
"/Users/sylvainraye/Sites/git/swisspost/src/StructType/GenerateBarcode.php",32,123,warning,"Line exceeds 120 characters; contains 123 characters",Generic.Files.LineLength.TooLong,5,0
"/Users/sylvainraye/Sites/git/swisspost/src/StructType/GenerateBarcode.php",58,196,warning,"Line exceeds 120 characters; contains 196 characters",Generic.Files.LineLength.TooLong,5,0
"/Users/sylvainraye/Sites/git/swisspost/src/StructType/LabelResponseItem.php",19,8,warning,"Line exceeds 120 characters; contains 184 characters",Generic.Files.LineLength.TooLong,5,0
"/Users/sylvainraye/Sites/git/swisspost/src/StructType/LabelResponseItem.php",61,178,warning,"Line exceeds 120 characters; contains 178 characters",Generic.Files.LineLength.TooLong,5,0
"/Users/sylvainraye/Sites/git/swisspost/src/StructType/LabelResponseItem.php",65,142,warning,"Line exceeds 120 characters; contains 142 characters",Generic.Files.LineLength.TooLong,5,0
"/Users/sylvainraye/Sites/git/swisspost/src/StructType/LabelResponseItem.php",87,138,warning,"Line exceeds 120 characters; contains 138 characters",Generic.Files.LineLength.TooLong,5,0
"/Users/sylvainraye/Sites/git/swisspost/src/StructType/BasicService.php",66,186,warning,"Line exceeds 120 characters; contains 186 characters",Generic.Files.LineLength.TooLong,5,0
"/Users/sylvainraye/Sites/git/swisspost/src/StructType/BasicService.php",71,239,warning,"Line exceeds 120 characters; contains 239 characters",Generic.Files.LineLength.TooLong,5,0
"/Users/sylvainraye/Sites/git/swisspost/src/StructType/BasicService.php",87,186,warning,"Line exceeds 120 characters; contains 186 characters",Generic.Files.LineLength.TooLong,5,0
"/Users/sylvainraye/Sites/git/swisspost/src/StructType/BasicService.php",91,187,warning,"Line exceeds 120 characters; contains 187 characters",Generic.Files.LineLength.TooLong,5,0
"/Users/sylvainraye/Sites/git/swisspost/src/StructType/BasicService.php",112,127,warning,"Line exceeds 120 characters; contains 127 characters",Generic.Files.LineLength.TooLong,5,0
"/Users/sylvainraye/Sites/git/swisspost/src/StructType/BasicService.php",113,259,warning,"Line exceeds 120 characters; contains 259 characters",Generic.Files.LineLength.TooLong,5,0
"/Users/sylvainraye/Sites/git/swisspost/src/StructType/BasicService.php",117,144,warning,"Line exceeds 120 characters; contains 144 characters",Generic.Files.LineLength.TooLong,5,0
"/Users/sylvainraye/Sites/git/swisspost/src/StructType/ReadDeliveryInstructionsResponse.php",37,126,warning,"Line exceeds 120 characters; contains 126 characters",Generic.Files.LineLength.TooLong,5,0
"/Users/sylvainraye/Sites/git/swisspost/src/StructType/ReadDeliveryInstructionsResponse.php",61,129,warning,"Line exceeds 120 characters; contains 129 characters",Generic.Files.LineLength.TooLong,5,0
"/Users/sylvainraye/Sites/git/swisspost/src/StructType/ReadDeliveryInstructionsResponse.php",62,397,warning,"Line exceeds 120 characters; contains 397 characters",Generic.Files.LineLength.TooLong,5,0
"/Users/sylvainraye/Sites/git/swisspost/src/StructType/ReadDeliveryInstructionsResponse.php",78,237,warning,"Line exceeds 120 characters; contains 237 characters",Generic.Files.LineLength.TooLong,5,0
"/Users/sylvainraye/Sites/git/swisspost/src/StructType/ResponseItem.php",19,8,warning,"Line exceeds 120 characters; contains 121 characters",Generic.Files.LineLength.TooLong,5,0
"/Users/sylvainraye/Sites/git/swisspost/src/StructType/ResponseItem.php",48,163,warning,"Line exceeds 120 characters; contains 163 characters",Generic.Files.LineLength.TooLong,5,0
"/Users/sylvainraye/Sites/git/swisspost/src/StructType/ResponseItem.php",72,244,warning,"Line exceeds 120 characters; contains 244 characters",Generic.Files.LineLength.TooLong,5,0
"/Users/sylvainraye/Sites/git/swisspost/src/StructType/ResponseItem.php",76,186,warning,"Line exceeds 120 characters; contains 186 characters",Generic.Files.LineLength.TooLong,5,0
"/Users/sylvainraye/Sites/git/swisspost/src/StructType/ResponseItem.php",80,139,warning,"Line exceeds 120 characters; contains 139 characters",Generic.Files.LineLength.TooLong,5,0
"/Users/sylvainraye/Sites/git/swisspost/src/StructType/BarcodeResponseData.php",70,291,warning,"Line exceeds 120 characters; contains 291 characters",Generic.Files.LineLength.TooLong,5,0
"/Users/sylvainraye/Sites/git/swisspost/src/StructType/BarcodeResponseData.php",97,140,warning,"Line exceeds 120 characters; contains 140 characters",Generic.Files.LineLength.TooLong,5,0
"/Users/sylvainraye/Sites/git/swisspost/src/StructType/BarcodeResponseData.php",118,141,warning,"Line exceeds 120 characters; contains 141 characters",Generic.Files.LineLength.TooLong,5,0
"/Users/sylvainraye/Sites/git/swisspost/src/StructType/BarcodeResponseData.php",119,269,warning,"Line exceeds 120 characters; contains 269 characters",Generic.Files.LineLength.TooLong,5,0
"/Users/sylvainraye/Sites/git/swisspost/src/StructType/BarcodeResponseData.php",123,148,warning,"Line exceeds 120 characters; contains 148 characters",Generic.Files.LineLength.TooLong,5,0
"/Users/sylvainraye/Sites/git/swisspost/src/StructType/BarcodeResponseData.php",163,149,warning,"Line exceeds 120 characters; contains 149 characters",Generic.Files.LineLength.TooLong,5,0
"/Users/sylvainraye/Sites/git/swisspost/src/StructType/GenerateLabelEnvelope.php",39,233,warning,"Line exceeds 120 characters; contains 233 characters",Generic.Files.LineLength.TooLong,5,0
"/Users/sylvainraye/Sites/git/swisspost/src/StructType/SingleBarcodesResponseDefinition.php",47,149,warning,"Line exceeds 120 characters; contains 149 characters",Generic.Files.LineLength.TooLong,5,0
"/Users/sylvainraye/Sites/git/swisspost/src/StructType/ReadServiceGroups.php",50,196,warning,"Line exceeds 120 characters; contains 196 characters",Generic.Files.LineLength.TooLong,5,0
"/Users/sylvainraye/Sites/git/swisspost/src/StructType/AdditionalINFOS.php",53,325,warning,"Line exceeds 120 characters; contains 325 characters",Generic.Files.LineLength.TooLong,5,0
"/Users/sylvainraye/Sites/git/swisspost/src/StructType/AdditionalINFOS.php",69,234,warning,"Line exceeds 120 characters; contains 234 characters",Generic.Files.LineLength.TooLong,5,0
"/Users/sylvainraye/Sites/git/swisspost/src/StructType/ReadBasicServicesResponse.php",62,345,warning,"Line exceeds 120 characters; contains 345 characters",Generic.Files.LineLength.TooLong,5,0
"/Users/sylvainraye/Sites/git/swisspost/src/StructType/ReadBasicServicesResponse.php",78,230,warning,"Line exceeds 120 characters; contains 230 characters",Generic.Files.LineLength.TooLong,5,0
"/Users/sylvainraye/Sites/git/swisspost/src/StructType/Barcodes.php",51,245,warning,"Line exceeds 120 characters; contains 245 characters",Generic.Files.LineLength.TooLong,5,0
"/Users/sylvainraye/Sites/git/swisspost/src/StructType/Barcodes.php",67,196,warning,"Line exceeds 120 characters; contains 196 characters",Generic.Files.LineLength.TooLong,5,0
"/Users/sylvainraye/Sites/git/swisspost/src/StructType/ErrorsType.php",53,271,warning,"Line exceeds 120 characters; contains 271 characters",Generic.Files.LineLength.TooLong,5,0
"/Users/sylvainraye/Sites/git/swisspost/src/StructType/ErrorsType.php",69,222,warning,"Line exceeds 120 characters; contains 222 characters",Generic.Files.LineLength.TooLong,5,0
"/Users/sylvainraye/Sites/git/swisspost/src/StructType/GenerateSending.php",62,251,warning,"Line exceeds 120 characters; contains 251 characters",Generic.Files.LineLength.TooLong,5,0
"/Users/sylvainraye/Sites/git/swisspost/src/StructType/GenerateSending.php",66,189,warning,"Line exceeds 120 characters; contains 189 characters",Generic.Files.LineLength.TooLong,5,0
"/Users/sylvainraye/Sites/git/swisspost/src/StructType/GenerateSending.php",70,142,warning,"Line exceeds 120 characters; contains 142 characters",Generic.Files.LineLength.TooLong,5,0
"/Users/sylvainraye/Sites/git/swisspost/src/StructType/GenerateSending.php",94,275,warning,"Line exceeds 120 characters; contains 275 characters",Generic.Files.LineLength.TooLong,5,0
"/Users/sylvainraye/Sites/git/swisspost/src/StructType/GenerateSending.php",110,214,warning,"Line exceeds 120 characters; contains 214 characters",Generic.Files.LineLength.TooLong,5,0
"/Users/sylvainraye/Sites/git/swisspost/src/StructType/SingleBarcodesCustomer.php",110,164,warning,"Line exceeds 120 characters; contains 164 characters",Generic.Files.LineLength.TooLong,5,0
"/Users/sylvainraye/Sites/git/swisspost/src/StructType/SingleBarcodesCustomer.php",139,239,warning,"Line exceeds 120 characters; contains 239 characters",Generic.Files.LineLength.TooLong,5,0
"/Users/sylvainraye/Sites/git/swisspost/src/StructType/SingleBarcodesCustomer.php",143,198,warning,"Line exceeds 120 characters; contains 198 characters",Generic.Files.LineLength.TooLong,5,0
"/Users/sylvainraye/Sites/git/swisspost/src/StructType/SingleBarcodesCustomer.php",147,138,warning,"Line exceeds 120 characters; contains 138 characters",Generic.Files.LineLength.TooLong,5,0
"/Users/sylvainraye/Sites/git/swisspost/src/StructType/SingleBarcodesCustomer.php",169,239,warning,"Line exceeds 120 characters; contains 239 characters",Generic.Files.LineLength.TooLong,5,0
"/Users/sylvainraye/Sites/git/swisspost/src/StructType/SingleBarcodesCustomer.php",173,198,warning,"Line exceeds 120 characters; contains 198 characters",Generic.Files.LineLength.TooLong,5,0
"/Users/sylvainraye/Sites/git/swisspost/src/StructType/SingleBarcodesCustomer.php",177,138,warning,"Line exceeds 120 characters; contains 138 characters",Generic.Files.LineLength.TooLong,5,0
"/Users/sylvainraye/Sites/git/swisspost/src/StructType/SingleBarcodesCustomer.php",199,242,warning,"Line exceeds 120 characters; contains 242 characters",Generic.Files.LineLength.TooLong,5,0
"/Users/sylvainraye/Sites/git/swisspost/src/StructType/SingleBarcodesCustomer.php",203,199,warning,"Line exceeds 120 characters; contains 199 characters",Generic.Files.LineLength.TooLong,5,0
"/Users/sylvainraye/Sites/git/swisspost/src/StructType/SingleBarcodesCustomer.php",207,139,warning,"Line exceeds 120 characters; contains 139 characters",Generic.Files.LineLength.TooLong,5,0
"/Users/sylvainraye/Sites/git/swisspost/src/StructType/SingleBarcodesCustomer.php",229,239,warning,"Line exceeds 120 characters; contains 239 characters",Generic.Files.LineLength.TooLong,5,0
"/Users/sylvainraye/Sites/git/swisspost/src/StructType/SingleBarcodesCustomer.php",233,198,warning,"Line exceeds 120 characters; contains 198 characters",Generic.Files.LineLength.TooLong,5,0
"/Users/sylvainraye/Sites/git/swisspost/src/StructType/SingleBarcodesCustomer.php",237,138,warning,"Line exceeds 120 characters; contains 138 characters",Generic.Files.LineLength.TooLong,5,0
"/Users/sylvainraye/Sites/git/swisspost/src/StructType/SingleBarcodesCustomer.php",259,233,warning,"Line exceeds 120 characters; contains 233 characters",Generic.Files.LineLength.TooLong,5,0
"/Users/sylvainraye/Sites/git/swisspost/src/StructType/SingleBarcodesCustomer.php",263,178,warning,"Line exceeds 120 characters; contains 178 characters",Generic.Files.LineLength.TooLong,5,0
"/Users/sylvainraye/Sites/git/swisspost/src/StructType/SingleBarcodesCustomer.php",267,196,warning,"Line exceeds 120 characters; contains 196 characters",Generic.Files.LineLength.TooLong,5,0
"/Users/sylvainraye/Sites/git/swisspost/src/StructType/SingleBarcodesCustomer.php",271,136,warning,"Line exceeds 120 characters; contains 136 characters",Generic.Files.LineLength.TooLong,5,0
"/Users/sylvainraye/Sites/git/swisspost/src/StructType/SingleBarcodesCustomer.php",293,236,warning,"Line exceeds 120 characters; contains 236 characters",Generic.Files.LineLength.TooLong,5,0
"/Users/sylvainraye/Sites/git/swisspost/src/StructType/SingleBarcodesCustomer.php",297,197,warning,"Line exceeds 120 characters; contains 197 characters",Generic.Files.LineLength.TooLong,5,0
"/Users/sylvainraye/Sites/git/swisspost/src/StructType/SingleBarcodesCustomer.php",301,137,warning,"Line exceeds 120 characters; contains 137 characters",Generic.Files.LineLength.TooLong,5,0
"/Users/sylvainraye/Sites/git/swisspost/src/StructType/SingleBarcodesCustomer.php",323,182,warning,"Line exceeds 120 characters; contains 182 characters",Generic.Files.LineLength.TooLong,5,0
"/Users/sylvainraye/Sites/git/swisspost/src/StructType/SingleBarcodesCustomer.php",327,140,warning,"Line exceeds 120 characters; contains 140 characters",Generic.Files.LineLength.TooLong,5,0
"/Users/sylvainraye/Sites/git/swisspost/src/StructType/SingleBarcodesCustomer.php",348,153,warning,"Line exceeds 120 characters; contains 153 characters",Generic.Files.LineLength.TooLong,5,0
"/Users/sylvainraye/Sites/git/swisspost/src/StructType/SingleBarcodesCustomer.php",349,278,warning,"Line exceeds 120 characters; contains 278 characters",Generic.Files.LineLength.TooLong,5,0
"/Users/sylvainraye/Sites/git/swisspost/src/StructType/SingleBarcodesCustomer.php",352,123,warning,"Line exceeds 120 characters; contains 123 characters",Generic.Files.LineLength.TooLong,5,0
"/Users/sylvainraye/Sites/git/swisspost/src/StructType/SingleBarcodesCustomer.php",353,211,warning,"Line exceeds 120 characters; contains 211 characters",Generic.Files.LineLength.TooLong,5,0
"/Users/sylvainraye/Sites/git/swisspost/src/StructType/SingleBarcodesCustomer.php",357,151,warning,"Line exceeds 120 characters; contains 151 characters",Generic.Files.LineLength.TooLong,5,0
"/Users/sylvainraye/Sites/git/swisspost/src/StructType/Communication.php",64,241,warning,"Line exceeds 120 characters; contains 241 characters",Generic.Files.LineLength.TooLong,5,0
"/Users/sylvainraye/Sites/git/swisspost/src/StructType/Communication.php",68,198,warning,"Line exceeds 120 characters; contains 198 characters",Generic.Files.LineLength.TooLong,5,0
"/Users/sylvainraye/Sites/git/swisspost/src/StructType/Communication.php",72,138,warning,"Line exceeds 120 characters; contains 138 characters",Generic.Files.LineLength.TooLong,5,0
"/Users/sylvainraye/Sites/git/swisspost/src/StructType/Communication.php",94,242,warning,"Line exceeds 120 characters; contains 242 characters",Generic.Files.LineLength.TooLong,5,0
"/Users/sylvainraye/Sites/git/swisspost/src/StructType/Communication.php",98,160,warning,"Line exceeds 120 characters; contains 160 characters",Generic.Files.LineLength.TooLong,5,0
"/Users/sylvainraye/Sites/git/swisspost/src/StructType/Communication.php",102,199,warning,"Line exceeds 120 characters; contains 199 characters",Generic.Files.LineLength.TooLong,5,0
"/Users/sylvainraye/Sites/git/swisspost/src/StructType/Communication.php",106,139,warning,"Line exceeds 120 characters; contains 139 characters",Generic.Files.LineLength.TooLong,5,0
"/Users/sylvainraye/Sites/git/swisspost/src/StructType/ReadAdditionalServicesResponse.php",37,123,warning,"Line exceeds 120 characters; contains 123 characters",Generic.Files.LineLength.TooLong,5,0
"/Users/sylvainraye/Sites/git/swisspost/src/StructType/ReadAdditionalServicesResponse.php",61,124,warning,"Line exceeds 120 characters; contains 124 characters",Generic.Files.LineLength.TooLong,5,0
"/Users/sylvainraye/Sites/git/swisspost/src/StructType/ReadAdditionalServicesResponse.php",62,379,warning,"Line exceeds 120 characters; contains 379 characters",Generic.Files.LineLength.TooLong,5,0
"/Users/sylvainraye/Sites/git/swisspost/src/StructType/ReadAdditionalServicesResponse.php",78,234,warning,"Line exceeds 120 characters; contains 234 characters",Generic.Files.LineLength.TooLong,5,0
"/Users/sylvainraye/Sites/git/swisspost/src/StructType/LabelAddress.php",10,4,warning,"Line exceeds 120 characters; contains 211 characters",Generic.Files.LineLength.TooLong,5,0
"/Users/sylvainraye/Sites/git/swisspost/src/StructType/LabelAddress.php",56,251,warning,"Line exceeds 120 characters; contains 251 characters",Generic.Files.LineLength.TooLong,5,0
"/Users/sylvainraye/Sites/git/swisspost/src/StructType/LabelAddress.php",60,202,warning,"Line exceeds 120 characters; contains 202 characters",Generic.Files.LineLength.TooLong,5,0
"/Users/sylvainraye/Sites/git/swisspost/src/StructType/LabelAddress.php",65,259,warning,"Line exceeds 120 characters; contains 259 characters",Generic.Files.LineLength.TooLong,5,0
"/Users/sylvainraye/Sites/git/swisspost/src/StructType/LabelAddress.php",81,236,warning,"Line exceeds 120 characters; contains 236 characters",Generic.Files.LineLength.TooLong,5,0
"/Users/sylvainraye/Sites/git/swisspost/src/StructType/LabelAddress.php",85,197,warning,"Line exceeds 120 characters; contains 197 characters",Generic.Files.LineLength.TooLong,5,0
"/Users/sylvainraye/Sites/git/swisspost/src/StructType/LabelAddress.php",89,192,warning,"Line exceeds 120 characters; contains 192 characters",Generic.Files.LineLength.TooLong,5,0
"/Users/sylvainraye/Sites/git/swisspost/src/StructType/WarningsType.php",53,285,warning,"Line exceeds 120 characters; contains 285 characters",Generic.Files.LineLength.TooLong,5,0
"/Users/sylvainraye/Sites/git/swisspost/src/StructType/WarningsType.php",69,224,warning,"Line exceeds 120 characters; contains 224 characters",Generic.Files.LineLength.TooLong,5,0
"/Users/sylvainraye/Sites/git/swisspost/src/StructType/Item.php",19,8,warning,"Line exceeds 120 characters; contains 121 characters",Generic.Files.LineLength.TooLong,5,0
"/Users/sylvainraye/Sites/git/swisspost/src/StructType/Item.php",37,8,warning,"Line exceeds 120 characters; contains 184 characters",Generic.Files.LineLength.TooLong,5,0
"/Users/sylvainraye/Sites/git/swisspost/src/StructType/Item.php",87,316,warning,"Line exceeds 120 characters; contains 316 characters",Generic.Files.LineLength.TooLong,5,0
"/Users/sylvainraye/Sites/git/swisspost/src/StructType/Item.php",115,244,warning,"Line exceeds 120 characters; contains 244 characters",Generic.Files.LineLength.TooLong,5,0
"/Users/sylvainraye/Sites/git/swisspost/src/StructType/Item.php",119,186,warning,"Line exceeds 120 characters; contains 186 characters",Generic.Files.LineLength.TooLong,5,0
"/Users/sylvainraye/Sites/git/swisspost/src/StructType/Item.php",123,139,warning,"Line exceeds 120 characters; contains 139 characters",Generic.Files.LineLength.TooLong,5,0
"/Users/sylvainraye/Sites/git/swisspost/src/StructType/Item.php",145,184,warning,"Line exceeds 120 characters; contains 184 characters",Generic.Files.LineLength.TooLong,5,0
"/Users/sylvainraye/Sites/git/swisspost/src/StructType/Item.php",149,143,warning,"Line exceeds 120 characters; contains 143 characters",Generic.Files.LineLength.TooLong,5,0
"/Users/sylvainraye/Sites/git/swisspost/src/StructType/Item.php",171,178,warning,"Line exceeds 120 characters; contains 178 characters",Generic.Files.LineLength.TooLong,5,0
"/Users/sylvainraye/Sites/git/swisspost/src/StructType/Item.php",175,142,warning,"Line exceeds 120 characters; contains 142 characters",Generic.Files.LineLength.TooLong,5,0
"/Users/sylvainraye/Sites/git/swisspost/src/StructType/Item.php",253,282,warning,"Line exceeds 120 characters; contains 282 characters",Generic.Files.LineLength.TooLong,5,0
"/Users/sylvainraye/Sites/git/swisspost/src/StructType/Item.php",269,230,warning,"Line exceeds 120 characters; contains 230 characters",Generic.Files.LineLength.TooLong,5,0
"/Users/sylvainraye/Sites/git/swisspost/src/StructType/UNNumbers.php",54,188,warning,"Line exceeds 120 characters; contains 188 characters",Generic.Files.LineLength.TooLong,5,0
"/Users/sylvainraye/Sites/git/swisspost/src/StructType/UNNumbers.php",59,247,warning,"Line exceeds 120 characters; contains 247 characters",Generic.Files.LineLength.TooLong,5,0
"/Users/sylvainraye/Sites/git/swisspost/src/StructType/UNNumbers.php",75,180,warning,"Line exceeds 120 characters; contains 180 characters",Generic.Files.LineLength.TooLong,5,0
"/Users/sylvainraye/Sites/git/swisspost/src/StructType/UNNumbers.php",79,192,warning,"Line exceeds 120 characters; contains 192 characters",Generic.Files.LineLength.TooLong,5,0
"/Users/sylvainraye/Sites/git/swisspost/src/StructType/ServiceGroup.php",60,154,warning,"Line exceeds 120 characters; contains 154 characters",Generic.Files.LineLength.TooLong,5,0
"/Users/sylvainraye/Sites/git/swisspost/src/StructType/ServiceGroup.php",81,127,warning,"Line exceeds 120 characters; contains 127 characters",Generic.Files.LineLength.TooLong,5,0
"/Users/sylvainraye/Sites/git/swisspost/src/StructType/ServiceGroup.php",82,259,warning,"Line exceeds 120 characters; contains 259 characters",Generic.Files.LineLength.TooLong,5,0
"/Users/sylvainraye/Sites/git/swisspost/src/StructType/ServiceGroup.php",86,144,warning,"Line exceeds 120 characters; contains 144 characters",Generic.Files.LineLength.TooLong,5,0
"/Users/sylvainraye/Sites/git/swisspost/src/StructType/ReturnInfoType.php",60,138,warning,"Line exceeds 120 characters; contains 138 characters",Generic.Files.LineLength.TooLong,5,0
"/Users/sylvainraye/Sites/git/swisspost/src/StructType/ReturnInfoType.php",85,141,warning,"Line exceeds 120 characters; contains 141 characters",Generic.Files.LineLength.TooLong,5,0
"/Users/sylvainraye/Sites/git/swisspost/src/StructType/ReturnInfoType.php",107,152,warning,"Line exceeds 120 characters; contains 152 characters",Generic.Files.LineLength.TooLong,5,0
"/Users/sylvainraye/Sites/git/swisspost/src/StructType/ReturnInfoType.php",129,198,warning,"Line exceeds 120 characters; contains 198 characters",Generic.Files.LineLength.TooLong,5,0
"/Users/sylvainraye/Sites/git/swisspost/src/StructType/ReturnInfoType.php",133,153,warning,"Line exceeds 120 characters; contains 153 characters",Generic.Files.LineLength.TooLong,5,0
"/Users/sylvainraye/Sites/git/swisspost/src/StructType/ReturnInfoType.php",155,192,warning,"Line exceeds 120 characters; contains 192 characters",Generic.Files.LineLength.TooLong,5,0
"/Users/sylvainraye/Sites/git/swisspost/src/StructType/ReturnInfoType.php",159,163,warning,"Line exceeds 120 characters; contains 163 characters",Generic.Files.LineLength.TooLong,5,0
"/Users/sylvainraye/Sites/git/swisspost/src/StructType/ValidateCombination.php",58,196,warning,"Line exceeds 120 characters; contains 196 characters",Generic.Files.LineLength.TooLong,5,0
"/Users/sylvainraye/Sites/git/swisspost/src/StructType/ReadDeliveryInstructions.php",62,196,warning,"Line exceeds 120 characters; contains 196 characters",Generic.Files.LineLength.TooLong,5,0
"/Users/sylvainraye/Sites/git/swisspost/src/StructType/ReadDeliveryInstructions.php",85,186,warning,"Line exceeds 120 characters; contains 186 characters",Generic.Files.LineLength.TooLong,5,0
"/Users/sylvainraye/Sites/git/swisspost/src/StructType/ReadDeliveryInstructions.php",90,275,warning,"Line exceeds 120 characters; contains 275 characters",Generic.Files.LineLength.TooLong,5,0
"/Users/sylvainraye/Sites/git/swisspost/src/StructType/ReadDeliveryInstructions.php",106,186,warning,"Line exceeds 120 characters; contains 186 characters",Generic.Files.LineLength.TooLong,5,0
"/Users/sylvainraye/Sites/git/swisspost/src/StructType/ReadDeliveryInstructions.php",110,187,warning,"Line exceeds 120 characters; contains 187 characters",Generic.Files.LineLength.TooLong,5,0
"/Users/sylvainraye/Sites/git/swisspost/src/StructType/GenerateLabelCustomer.php",167,301,warning,"Line exceeds 120 characters; contains 301 characters",Generic.Files.LineLength.TooLong,5,0
"/Users/sylvainraye/Sites/git/swisspost/src/StructType/GenerateLabelCustomer.php",202,239,warning,"Line exceeds 120 characters; contains 239 characters",Generic.Files.LineLength.TooLong,5,0
"/Users/sylvainraye/Sites/git/swisspost/src/StructType/GenerateLabelCustomer.php",206,198,warning,"Line exceeds 120 characters; contains 198 characters",Generic.Files.LineLength.TooLong,5,0
"/Users/sylvainraye/Sites/git/swisspost/src/StructType/GenerateLabelCustomer.php",210,138,warning,"Line exceeds 120 characters; contains 138 characters",Generic.Files.LineLength.TooLong,5,0
"/Users/sylvainraye/Sites/git/swisspost/src/StructType/GenerateLabelCustomer.php",232,239,warning,"Line exceeds 120 characters; contains 239 characters",Generic.Files.LineLength.TooLong,5,0
"/Users/sylvainraye/Sites/git/swisspost/src/StructType/GenerateLabelCustomer.php",236,198,warning,"Line exceeds 120 characters; contains 198 characters",Generic.Files.LineLength.TooLong,5,0
"/Users/sylvainraye/Sites/git/swisspost/src/StructType/GenerateLabelCustomer.php",240,138,warning,"Line exceeds 120 characters; contains 138 characters",Generic.Files.LineLength.TooLong,5,0
"/Users/sylvainraye/Sites/git/swisspost/src/StructType/GenerateLabelCustomer.php",262,242,warning,"Line exceeds 120 characters; contains 242 characters",Generic.Files.LineLength.TooLong,5,0
"/Users/sylvainraye/Sites/git/swisspost/src/StructType/GenerateLabelCustomer.php",266,199,warning,"Line exceeds 120 characters; contains 199 characters",Generic.Files.LineLength.TooLong,5,0
"/Users/sylvainraye/Sites/git/swisspost/src/StructType/GenerateLabelCustomer.php",270,139,warning,"Line exceeds 120 characters; contains 139 characters",Generic.Files.LineLength.TooLong,5,0
"/Users/sylvainraye/Sites/git/swisspost/src/StructType/GenerateLabelCustomer.php",292,239,warning,"Line exceeds 120 characters; contains 239 characters",Generic.Files.LineLength.TooLong,5,0
"/Users/sylvainraye/Sites/git/swisspost/src/StructType/GenerateLabelCustomer.php",296,198,warning,"Line exceeds 120 characters; contains 198 characters",Generic.Files.LineLength.TooLong,5,0
"/Users/sylvainraye/Sites/git/swisspost/src/StructType/GenerateLabelCustomer.php",300,138,warning,"Line exceeds 120 characters; contains 138 characters",Generic.Files.LineLength.TooLong,5,0
"/Users/sylvainraye/Sites/git/swisspost/src/StructType/GenerateLabelCustomer.php",322,233,warning,"Line exceeds 120 characters; contains 233 characters",Generic.Files.LineLength.TooLong,5,0
"/Users/sylvainraye/Sites/git/swisspost/src/StructType/GenerateLabelCustomer.php",326,178,warning,"Line exceeds 120 characters; contains 178 characters",Generic.Files.LineLength.TooLong,5,0
"/Users/sylvainraye/Sites/git/swisspost/src/StructType/GenerateLabelCustomer.php",330,196,warning,"Line exceeds 120 characters; contains 196 characters",Generic.Files.LineLength.TooLong,5,0
"/Users/sylvainraye/Sites/git/swisspost/src/StructType/GenerateLabelCustomer.php",334,136,warning,"Line exceeds 120 characters; contains 136 characters",Generic.Files.LineLength.TooLong,5,0
"/Users/sylvainraye/Sites/git/swisspost/src/StructType/GenerateLabelCustomer.php",356,236,warning,"Line exceeds 120 characters; contains 236 characters",Generic.Files.LineLength.TooLong,5,0
"/Users/sylvainraye/Sites/git/swisspost/src/StructType/GenerateLabelCustomer.php",360,197,warning,"Line exceeds 120 characters; contains 197 characters",Generic.Files.LineLength.TooLong,5,0
"/Users/sylvainraye/Sites/git/swisspost/src/StructType/GenerateLabelCustomer.php",364,137,warning,"Line exceeds 120 characters; contains 137 characters",Generic.Files.LineLength.TooLong,5,0
"/Users/sylvainraye/Sites/git/swisspost/src/StructType/GenerateLabelCustomer.php",386,182,warning,"Line exceeds 120 characters; contains 182 characters",Generic.Files.LineLength.TooLong,5,0
"/Users/sylvainraye/Sites/git/swisspost/src/StructType/GenerateLabelCustomer.php",390,140,warning,"Line exceeds 120 characters; contains 140 characters",Generic.Files.LineLength.TooLong,5,0
"/Users/sylvainraye/Sites/git/swisspost/src/StructType/GenerateLabelCustomer.php",412,137,warning,"Line exceeds 120 characters; contains 137 characters",Generic.Files.LineLength.TooLong,5,0
"/Users/sylvainraye/Sites/git/swisspost/src/StructType/GenerateLabelCustomer.php",434,252,warning,"Line exceeds 120 characters; contains 252 characters",Generic.Files.LineLength.TooLong,5,0
"/Users/sylvainraye/Sites/git/swisspost/src/StructType/GenerateLabelCustomer.php",438,203,warning,"Line exceeds 120 characters; contains 203 characters",Generic.Files.LineLength.TooLong,5,0
"/Users/sylvainraye/Sites/git/swisspost/src/StructType/GenerateLabelCustomer.php",442,143,warning,"Line exceeds 120 characters; contains 143 characters",Generic.Files.LineLength.TooLong,5,0
"/Users/sylvainraye/Sites/git/swisspost/src/StructType/GenerateLabelCustomer.php",467,204,warning,"Line exceeds 120 characters; contains 204 characters",Generic.Files.LineLength.TooLong,5,0
"/Users/sylvainraye/Sites/git/swisspost/src/StructType/GenerateLabelCustomer.php",492,210,warning,"Line exceeds 120 characters; contains 210 characters",Generic.Files.LineLength.TooLong,5,0
"/Users/sylvainraye/Sites/git/swisspost/src/StructType/GenerateLabelCustomer.php",517,218,warning,"Line exceeds 120 characters; contains 218 characters",Generic.Files.LineLength.TooLong,5,0
"/Users/sylvainraye/Sites/git/swisspost/src/StructType/GenerateLabelCustomer.php",542,214,warning,"Line exceeds 120 characters; contains 214 characters",Generic.Files.LineLength.TooLong,5,0
"/Users/sylvainraye/Sites/git/swisspost/src/StructType/GenerateLabelCustomer.php",563,153,warning,"Line exceeds 120 characters; contains 153 characters",Generic.Files.LineLength.TooLong,5,0
"/Users/sylvainraye/Sites/git/swisspost/src/StructType/GenerateLabelCustomer.php",564,278,warning,"Line exceeds 120 characters; contains 278 characters",Generic.Files.LineLength.TooLong,5,0
"/Users/sylvainraye/Sites/git/swisspost/src/StructType/GenerateLabelCustomer.php",567,123,warning,"Line exceeds 120 characters; contains 123 characters",Generic.Files.LineLength.TooLong,5,0
"/Users/sylvainraye/Sites/git/swisspost/src/StructType/GenerateLabelCustomer.php",568,211,warning,"Line exceeds 120 characters; contains 211 characters",Generic.Files.LineLength.TooLong,5,0
"/Users/sylvainraye/Sites/git/swisspost/src/StructType/GenerateLabelCustomer.php",572,151,warning,"Line exceeds 120 characters; contains 151 characters",Generic.Files.LineLength.TooLong,5,0
"/Users/sylvainraye/Sites/git/swisspost/src/StructType/Notification.php",76,184,warning,"Line exceeds 120 characters; contains 184 characters",Generic.Files.LineLength.TooLong,5,0
"/Users/sylvainraye/Sites/git/swisspost/src/StructType/Notification.php",106,200,warning,"Line exceeds 120 characters; contains 200 characters",Generic.Files.LineLength.TooLong,5,0
"/Users/sylvainraye/Sites/git/swisspost/src/StructType/Notification.php",146,187,warning,"Line exceeds 120 characters; contains 187 characters",Generic.Files.LineLength.TooLong,5,0
"/Users/sylvainraye/Sites/git/swisspost/src/StructType/Notification.php",150,147,warning,"Line exceeds 120 characters; contains 147 characters",Generic.Files.LineLength.TooLong,5,0
"/Users/sylvainraye/Sites/git/swisspost/src/StructType/Notification.php",172,253,warning,"Line exceeds 120 characters; contains 253 characters",Generic.Files.LineLength.TooLong,5,0
"/Users/sylvainraye/Sites/git/swisspost/src/StructType/Notification.php",176,202,warning,"Line exceeds 120 characters; contains 202 characters",Generic.Files.LineLength.TooLong,5,0
"/Users/sylvainraye/Sites/git/swisspost/src/StructType/Notification.php",180,142,warning,"Line exceeds 120 characters; contains 142 characters",Generic.Files.LineLength.TooLong,5,0
"/Users/sylvainraye/Sites/git/swisspost/src/StructType/Notification.php",202,253,warning,"Line exceeds 120 characters; contains 253 characters",Generic.Files.LineLength.TooLong,5,0
"/Users/sylvainraye/Sites/git/swisspost/src/StructType/Notification.php",206,202,warning,"Line exceeds 120 characters; contains 202 characters",Generic.Files.LineLength.TooLong,5,0
"/Users/sylvainraye/Sites/git/swisspost/src/StructType/Notification.php",210,142,warning,"Line exceeds 120 characters; contains 142 characters",Generic.Files.LineLength.TooLong,5,0
"/Users/sylvainraye/Sites/git/swisspost/src/StructType/Notification.php",235,196,warning,"Line exceeds 120 characters; contains 196 characters",Generic.Files.LineLength.TooLong,5,0
"/Users/sylvainraye/Sites/git/swisspost/src/StructType/MessageType.php",10,4,warning,"Line exceeds 120 characters; contains 128 characters",Generic.Files.LineLength.TooLong,5,0
"/Users/sylvainraye/Sites/git/swisspost/src/StructType/MessageType.php",63,184,warning,"Line exceeds 120 characters; contains 184 characters",Generic.Files.LineLength.TooLong,5,0
"/Users/sylvainraye/Sites/git/swisspost/src/StructType/MessageType.php",67,137,warning,"Line exceeds 120 characters; contains 137 characters",Generic.Files.LineLength.TooLong,5,0
"/Users/sylvainraye/Sites/git/swisspost/src/StructType/MessageType.php",89,247,warning,"Line exceeds 120 characters; contains 247 characters",Generic.Files.LineLength.TooLong,5,0
"/Users/sylvainraye/Sites/git/swisspost/src/StructType/MessageType.php",93,140,warning,"Line exceeds 120 characters; contains 140 characters",Generic.Files.LineLength.TooLong,5,0
"/Users/sylvainraye/Sites/git/swisspost/src/StructType/ServiceCode.php",63,186,warning,"Line exceeds 120 characters; contains 186 characters",Generic.Files.LineLength.TooLong,5,0
"/Users/sylvainraye/Sites/git/swisspost/src/StructType/ServiceCode.php",67,137,warning,"Line exceeds 120 characters; contains 137 characters",Generic.Files.LineLength.TooLong,5,0
"/Users/sylvainraye/Sites/git/swisspost/src/StructType/ServiceCode.php",88,127,warning,"Line exceeds 120 characters; contains 127 characters",Generic.Files.LineLength.TooLong,5,0
"/Users/sylvainraye/Sites/git/swisspost/src/StructType/ServiceCode.php",89,259,warning,"Line exceeds 120 characters; contains 259 characters",Generic.Files.LineLength.TooLong,5,0
"/Users/sylvainraye/Sites/git/swisspost/src/StructType/ServiceCode.php",93,144,warning,"Line exceeds 120 characters; contains 144 characters",Generic.Files.LineLength.TooLong,5,0
"/Users/sylvainraye/Sites/git/swisspost/src/StructType/BarcodeDefinition.php",71,202,warning,"Line exceeds 120 characters; contains 202 characters",Generic.Files.LineLength.TooLong,5,0
"/Users/sylvainraye/Sites/git/swisspost/src/StructType/BarcodeDefinition.php",93,194,warning,"Line exceeds 120 characters; contains 194 characters",Generic.Files.LineLength.TooLong,5,0
"/Users/sylvainraye/Sites/git/swisspost/src/StructType/BarcodeDefinition.php",97,146,warning,"Line exceeds 120 characters; contains 146 characters",Generic.Files.LineLength.TooLong,5,0
"/Users/sylvainraye/Sites/git/swisspost/src/StructType/BarcodeDefinition.php",119,155,warning,"Line exceeds 120 characters; contains 155 characters",Generic.Files.LineLength.TooLong,5,0
"/Users/sylvainraye/Sites/git/swisspost/src/StructType/SingleBarcodesDefinition.php",58,194,warning,"Line exceeds 120 characters; contains 194 characters",Generic.Files.LineLength.TooLong,5,0
"/Users/sylvainraye/Sites/git/swisspost/src/StructType/SingleBarcodesDefinition.php",62,146,warning,"Line exceeds 120 characters; contains 146 characters",Generic.Files.LineLength.TooLong,5,0
"/Users/sylvainraye/Sites/git/swisspost/src/StructType/SingleBarcodesDefinition.php",84,155,warning,"Line exceeds 120 characters; contains 155 characters",Generic.Files.LineLength.TooLong,5,0
"/Users/sylvainraye/Sites/git/swisspost/src/EnumType/Language.php",8,4,warning,"Line exceeds 120 characters; contains 145 characters",Generic.Files.LineLength.TooLong,5,0
"/Users/sylvainraye/Sites/git/swisspost/src/ServiceType/Generate.php",24,12,error,"Method name \"Generate::GenerateLabel\" is not in camel caps format",PSR1.Methods.CamelCapsMethodName.NotCamelCaps,5,0
"/Users/sylvainraye/Sites/git/swisspost/src/ServiceType/Generate.php",43,12,error,"Method name \"Generate::GenerateSingleBarcodes\" is not in camel caps format",PSR1.Methods.CamelCapsMethodName.NotCamelCaps,5,0
"/Users/sylvainraye/Sites/git/swisspost/src/ServiceType/Generate.php",62,12,error,"Method name \"Generate::GenerateBarcode\" is not in camel caps format",PSR1.Methods.CamelCapsMethodName.NotCamelCaps,5,0
"/Users/sylvainraye/Sites/git/swisspost/src/ServiceType/Read.php",24,12,error,"Method name \"Read::ReadServiceGroups\" is not in camel caps format",PSR1.Methods.CamelCapsMethodName.NotCamelCaps,5,0
"/Users/sylvainraye/Sites/git/swisspost/src/ServiceType/Read.php",43,12,error,"Method name \"Read::ReadBasicServices\" is not in camel caps format",PSR1.Methods.CamelCapsMethodName.NotCamelCaps,5,0
"/Users/sylvainraye/Sites/git/swisspost/src/ServiceType/Read.php",63,12,error,"Method name \"Read::ReadAllowedServicesByFrankingLicense\" is not in camel caps format",PSR1.Methods.CamelCapsMethodName.NotCamelCaps,5,0
"/Users/sylvainraye/Sites/git/swisspost/src/ServiceType/Read.php",63,129,warning,"Line exceeds 120 characters; contains 129 characters",Generic.Files.LineLength.TooLong,5,0
"/Users/sylvainraye/Sites/git/swisspost/src/ServiceType/Read.php",82,12,error,"Method name \"Read::ReadAdditionalServices\" is not in camel caps format",PSR1.Methods.CamelCapsMethodName.NotCamelCaps,5,0
"/Users/sylvainraye/Sites/git/swisspost/src/ServiceType/Read.php",101,12,error,"Method name \"Read::ReadDeliveryInstructions\" is not in camel caps format",PSR1.Methods.CamelCapsMethodName.NotCamelCaps,5,0
"/Users/sylvainraye/Sites/git/swisspost/src/ServiceType/Read.php",120,12,error,"Method name \"Read::ReadLabelLayouts\" is not in camel caps format",PSR1.Methods.CamelCapsMethodName.NotCamelCaps,5,0
"/Users/sylvainraye/Sites/git/swisspost/src/ServiceType/Validate.php",24,12,error,"Method name \"Validate::ValidateCombination\" is not in camel caps format",PSR1.Methods.CamelCapsMethodName.NotCamelCaps,5,0
"/Users/sylvainraye/Sites/git/swisspost/src/Parameters.php",36,5,error,"The closing parenthesis and the opening brace of a multi-line function declaration must be on the same line",Squiz.Functions.MultiLineFunctionDeclaration.NewlineBeforeOpenBrace,5,1
"/Users/sylvainraye/Sites/git/swisspost/src/Parameters.php",149,1,error,"Expected 1 newline at end of file; 0 found",PSR2.Files.EndFileNewline.NoneFound,5,1
"/Users/sylvainraye/Sites/git/swisspost/src/ClassMap.php",60,126,warning,"Line exceeds 120 characters; contains 126 characters",Generic.Files.LineLength.TooLong,5,0
"/Users/sylvainraye/Sites/git/swisspost/src/ClassMap.php",61,142,warning,"Line exceeds 120 characters; contains 142 characters",Generic.Files.LineLength.TooLong,5,0

